Title,Genre,Rating,Current Chapter,Released Chapter,Last updated,Anime,Link
Goblin Slayer,Fantasy,96%,26,26,27/07/2018,,http://mangakakalot.com/manga/goblin_slayer
NEET dakedo HELLO WORK ni ittara isekai ni tsuretekareta,Isekai,99%,8,8,26/07/2018,,http://mangakakalot.com/manga/neet_dakedo_hello_work_ni_ittara_isekai_ni_tsuretekareta
World Teacher - Isekaishiki Kyouiku Agent,Isekai,98%,14,14,26/07/2018,,http://mangakakalot.com/manga/world_teacher_isekaishiki_kyouiku_agent
Shen Yi Di Nu,Isekai,98%,38.5,38.5,26/07/2018,,http://mangakakalot.com/manga/shen_yi_di_nu
"Kumo desu ga, nani ka?",Isekai,96%,29.2,29.2,26/07/2018,,http://mangakakalot.com/manga/kumo_desu_ga_nani_ka
Isekai Nonbiri Nouka,Isekai,96%,39,39,26/07/2018,,http://mangakakalot.com/manga/isekai_nonbiri_nouka
Isekai Yakkyoku,Isekai,97%,16,16,25/07/2018,,http://mangakakalot.com/manga/isekai_yakkyoku
The Great Conqueror,Martial Arts,96%,30,30,25/07/2018,,http://mangakakalot.com/manga/the_great_conqueror
Isekai desu ga Mamono Saibai shiteimasu.,Isekai,95%,12,12,25/07/2018,,http://mangakakalot.com/manga/isekai_desu_ga_mamono_saibai_shiteimasu
"Hachinan tte, Sore wa Nai Deshou!",Isekai,95%,31,31,25/07/2018,,http://mangakakalot.com/manga/hachinan_tte_sore_wa_nai_deshou_2
Toaru Ossan no VRMMO Katsudouki,VR,96%,42,42,24/07/2018,,http://mangakakalot.com/manga/toaru_ossan_no_vrmmo_katsudouki
Nidome no Yuusha,Reincarnation,95%,5,5,24/07/2018,,http://mangakakalot.com/manga/nidome_no_yuusha
Wortenia Senki,Isekai,96%,17,17,23/07/2018,,http://mangakakalot.com/manga/wortenia_senki
Yong Heng Zhi Zun,Martial Arts,93%,57,57,23/07/2018,,http://mangakakalot.com/manga/yong_heng_zhi_zun
Saikyou Mahoushi no Inton Keikaku,Magic,95%,9,9,22/07/2018,,http://mangakakalot.com/manga/saikyou_mahoushi_no_inton_keikaku
Choujin Koukousei-tachi wa Isekai demo Yoyuu de Ikinuku you desu!,Isekai,91%,34,34,21/07/2018,,http://mangakakalot.com/manga/choujin_koukouseitachi_wa_isekai_demo_yoyuu_de_ikinuku_you_desu
"Tenseishichatta yo (Iya, Gomen)",Isekai,96%,19,19,13/07/2018,FALSE,http://mangakakalot.com/manga/tenseishichatta_yo_iya_gomen
Tensei Shitara Ken deshita,Isekai,97%,19,19,12/07/2018,FALSE,http://mangakakalot.com/manga/tensei_shitara_ken_deshita
Goddess Creation System,Isekai,94%,120.5,120.5,12/07/2018,FALSE,https://manganelo.com/manga/goddess_creation_system